{
    "rmse": 0.8188289929849712,
    "mae": 0.666839711312377,
    "r2": 0.034410916647658496
}